omeka_006316.xml,110118001.tif
omeka_006317.xml,110118002.tif
omeka_006318.xml,110118003.tif
omeka_006319.xml,110118004.tif
omeka_006320.xml,110118005.tif
omeka_006321.xml,110118006.tif
omeka_006322.xml,110118007.tif
omeka_006323.xml,110118008.tif
omeka_006324.xml,110118009.tif
omeka_006325.xml,110118010.tif
omeka_006326.xml,110118011.tif
omeka_006327.xml,110118012.tif
omeka_006328.xml,110118013.tif
omeka_006329.xml,110118014.tif
omeka_006330.xml,110118015.tif
omeka_006331.xml,110118016.tif
omeka_006332.xml,110118017.tif
omeka_006333.xml,110118018.tif
omeka_006334.xml,110118019.tif
omeka_006335.xml,110118020.tif
omeka_006336.xml,110118021.tif
omeka_006337.xml,110118022.tif
omeka_006338.xml,110118023.tif
omeka_006339.xml,110118024.tif
omeka_006340.xml,110118025.tif
omeka_006341.xml,110118026.tif
omeka_006342.xml,110118027.tif
omeka_006343.xml,110118028.tif
omeka_006344.xml,110118029.tif
omeka_006345.xml,110118030.tif
omeka_006346.xml,110118031.tif
omeka_006347.xml,110118032.tif
omeka_006348.xml,110118033.tif
omeka_006349.xml,110118034.tif
omeka_006350.xml,110118035.tif
omeka_006351.xml,110118036.tif
omeka_006352.xml,110118037.tif
omeka_006353.xml,110118038.tif
omeka_006354.xml,110118039.tif
omeka_006355.xml,110118040.tif
omeka_006356.xml,110118041.tif
omeka_006357.xml,110118042.tif
omeka_006358.xml,110118043.tif
omeka_006359.xml,110118044.tif
omeka_006360.xml,110118045.tif
omeka_006361.xml,110118046.tif
omeka_006362.xml,110118047.tif
omeka_006363.xml,110118048.tif
omeka_006364.xml,110118049.tif
omeka_006365.xml,110118050.tif
omeka_006366.xml,110118051.tif
omeka_006367.xml,110118052.tif
omeka_006368.xml,110118053.tif
omeka_006369.xml,110118054.tif
omeka_006370.xml,110118055.tif
omeka_006371.xml,110118056.tif
omeka_006372.xml,110118057.tif
omeka_006373.xml,110118058.tif
omeka_006374.xml,110118059.tif
omeka_006375.xml,110118060.tif
omeka_006376.xml,110118061.tif
omeka_006377.xml,110118062.tif
omeka_006378.xml,110118063.tif
omeka_006379.xml,110118064.tif
omeka_006380.xml,110118065.tif
omeka_006381.xml,110118066.tif
omeka_006382.xml,110118067.tif
omeka_006383.xml,110118068.tif
omeka_006384.xml,110118069.tif
omeka_006385.xml,110118070.tif
omeka_006386.xml,110118071.tif
omeka_006387.xml,110118072.tif
omeka_006388.xml,110118073.tif
omeka_006389.xml,110118074.tif
omeka_006390.xml,110118075.tif
omeka_006391.xml,110118076.tif
omeka_006392.xml,110118077.tif
omeka_006393.xml,110118078.tif
omeka_006394.xml,110118079.tif
omeka_006395.xml,110118080.tif
omeka_006396.xml,110118081.tif
omeka_006397.xml,110118082.tif
omeka_006398.xml,110118083.tif
omeka_006399.xml,110118084.tif
omeka_006400.xml,110118085.tif
omeka_006401.xml,110118086.tif
omeka_006402.xml,110118087.tif
omeka_006403.xml,110118088.tif
omeka_006404.xml,110118089.tif
omeka_006405.xml,110118090.tif
omeka_006406.xml,110118091.tif
omeka_006407.xml,110118092.tif
omeka_006408.xml,110118093.tif
omeka_006409.xml,110118094.tif
omeka_006410.xml,110118095.tif
omeka_006411.xml,110118096.tif
omeka_006412.xml,110118097.tif
omeka_006413.xml,110118098.tif
omeka_006414.xml,110118099.tif
omeka_006415.xml,110118100.tif
omeka_006416.xml,110118101.tif
omeka_006417.xml,110118102.tif
omeka_006418.xml,110118103.tif
omeka_006419.xml,110118104.tif
omeka_006420.xml,110118105.tif
omeka_006421.xml,110118106.tif
omeka_006422.xml,110118107.tif
omeka_006423.xml,110118108.tif
omeka_006424.xml,110118109.tif
omeka_006425.xml,110118110.tif
omeka_006426.xml,110118111.tif
omeka_006427.xml,110118112.tif
omeka_006428.xml,110118113.tif
omeka_006429.xml,110118114.tif
omeka_006430.xml,110118115.tif
omeka_006431.xml,110118116.tif
omeka_006432.xml,110118117.tif
omeka_006433.xml,110118118.tif
omeka_006434.xml,110118119.tif
omeka_006435.xml,110118120.tif
omeka_006436.xml,110118121.tif
omeka_006437.xml,110118122.tif
omeka_006438.xml,110118123.tif
omeka_006439.xml,110118124.tif
omeka_006440.xml,110118125.tif
omeka_006441.xml,110118126.tif
omeka_006442.xml,110118127.tif
omeka_006443.xml,110118128.tif
omeka_006444.xml,110118129.tif
omeka_006445.xml,110118130.tif
omeka_006446.xml,110118131.tif
omeka_006447.xml,110118132.tif
omeka_006448.xml,110118133.tif
omeka_006449.xml,110118134.tif
omeka_006450.xml,110118135.tif
omeka_006451.xml,110118136.tif
omeka_006452.xml,110118137.tif
omeka_006453.xml,110118138.tif
omeka_006454.xml,110118139.tif
omeka_006455.xml,110118140.tif
omeka_006456.xml,110118141.tif
omeka_006457.xml,110118142.tif
omeka_006458.xml,110118143.tif
omeka_006459.xml,110118144.tif
omeka_006460.xml,110118145.tif
omeka_006461.xml,110118146.tif
omeka_006462.xml,110118147.tif
omeka_006463.xml,110118148.tif
omeka_006464.xml,110118149.tif
omeka_006465.xml,110118150.tif
omeka_006466.xml,110118151.tif
omeka_006467.xml,110118152.tif
omeka_006468.xml,110118153.tif
omeka_006469.xml,110118154.tif
omeka_006470.xml,110118155.tif
omeka_006471.xml,110118156.tif
omeka_006472.xml,110118157.tif
omeka_006473.xml,110118158.tif
omeka_006474.xml,110118159.tif
omeka_006475.xml,110118160.tif
omeka_006476.xml,110118161.tif
omeka_006477.xml,110118162.tif
omeka_006478.xml,110118163.tif
omeka_006479.xml,110118164.tif
omeka_006480.xml,110118165.tif
omeka_006481.xml,110118166.tif
omeka_006482.xml,110118167.tif
omeka_006483.xml,110118168.tif
omeka_006484.xml,110118169.tif
omeka_006485.xml,110118170.tif
omeka_006486.xml,110118171.tif
omeka_006487.xml,110118172.tif
omeka_006488.xml,110118173.tif
omeka_006489.xml,110118174.tif
omeka_006490.xml,121.tif